1,Tournament one,10,1|2|3,,1^2|3 
2,Logic fix,20,1|2|3,,4^5|6 
3,orderby Id test,2,1|2|3,,7^8|9 
4,OrderBy Test2,0,1|2|3,,10^11|12 
5,OrderBy Test3,0,1|2|3,,13^14|15 
6,Emailing,10,1|2|3,,16^17|18 
7,gmailTesting,20,1|2|3,,19^20|21 
8,gmailTest2,10,1|2|3,,22^23|24 
9,gmailTest3,10,1|2|3,,25^26|27 
10,gmailTest4,20,1|2|3,,28^29|30 
11,gmailTest5,30,1|2|3,,31^32|33 
12,emailLocal,20,1|2|3,,34^35|36 
13,localEmailTest,2,1|2|3,,37^38|39 
14,,0,4|5|6,,40^41|42 
15,GamilTest7,5,4|5|6,,43^44|45 
16,gmailTesting,0,4|5|6,,46^47|48 
17,bothLocalGmailTest,0,4|5|6,,49^50|51 
18,test,0,4|5|6,,52^53|54 
19,Finisher,20,4|5|6,17|18,55^56|57 
20,Finisher Test2,50,4|5|6,19|20,58^59|60 
21,Finisher Test3,100,4|5|6,21|22,61^62|63 
